"player","team","pos","one","rk_behrens","rk_pianowski","rk_deldon","rk_loza","rk_harmon","rk_berry","rk_karabell","rk_yates","rk_cockcroft","rk_clay","rk_dopp","rk_best","rk_worst"
AARON JONES,GB,RB,1,"10","13","14","13","11","11","10","10","14","11","13","6","21"
AARON RODGERS,GB,QB,1,"19","14","24","14","10","16","14","17","12","13","15","7","24"
ADAM HUMPHRIES,TEN,WR,1,,,,,"95",,,,,,,"68","114"
ADAM THIELEN,MIN,WR,1,"12","10","7","10","10","10","12","8","12","11","11","6","30"
ADAM VINATIERI,FA,K,1,,,,,"28",,,,,,,,
ADRIAN PETERSON,WAS,RB,1,"34","39","50","34","56","54","51","50","49","46","49","24","67"
AJ BROWN,TEN,WR,1,"18","14","6","13","17","16","14","16","17","16","15","4","27"
AJ DILLON,GB,RB,1,"56","57","54","55","59","55","62",,"57","58","53","22","96"
AJ GREEN,CIN,WR,1,"26","37","35","39","31","31","42","25","30","29","35","10","60"
ALDRICK ROSAS,FA,K,1,,,,,"25",,,,,,,,
ALEXANDER MATTISON,MIN,RB,1,"43","45","47","45","50","47","49","51","47","43","46","33","60"
ALLEN LAZARD,GB,WR,1,"57","59","76","53","72","53","63","69","64","70","62","38","106"
ALLEN ROBINSON,CHI,WR,1,"7","8","5","7","5","8","11","14","10","10","9","5","27"
ALSHON JEFFERY,PHI,WR,1,"74","65","88","67","64","63",,"51","67","65","53","42","97"
ALVIN KAMARA,NO,RB,1,"4","4","6","3","3","4","5","4","4","4","4","2","14"
AMARI COOPER,DAL,WR,1,"21","11","23","15","15","14","10","12","13","13","12","5","23"
AMEER ABDULLAH,MIN,RB,1,,,,,,,,,,,,"75","173"
ANDY DALTON,DAL,QB,1,,"36","35",,"36",,,,,,,,
ANDY ISABELLA,ARI,WR,1,"100","77",,"80","80",,,,,,,"55","115"
ANTHONY MCFARLAND,PIT,RB,1,"68","74","75","70","109","53","61",,"61","62","65","49","110"
ANTHONY MILLER,CHI,WR,1,"51","47","36","45","42","47","49","56","57","60","59","32","77"
ANTONIO BROWN,FA,WR,1,,,,,"94",,,,,,,,
ANTONIO GANDY-GOLDEN,WAS,WR,1,,"97",,,,,,,,,,"58","123"
ANTONIO GIBSON,WAS,RB,1,"47","42","40","42","29","34","43","41","46","45","36","26","106"
ARI,ARI,DST,1,,,,,,,,,,,,"19","32"
ARTAVIS PIERCE,CHI,RB,1,,,"71",,,,,,,,,,
ATL,ATL,DST,1,,,,,"25",,,,,,,"7","30"
AUDEN TATE,CIN,WR,1,"103","73","60","88","87",,,,,,,"7","135"
AUSTIN EKELER,LAC,RB,1,"15","10","15","14","9","10","7","8","11","12","7","5","21"
AUSTIN HOOPER,CLE,TE,1,"13","10","19","14","14","16","7","10","12","15","12","6","27"
AUSTIN SEIBERT,CLE,K,1,"14","20",,,"24","11","13","14","14","12","13","4","29"
BAKER MAYFIELD,CLE,QB,1,"17","17","23","17","15","18","21","19","16","19","17","9","27"
BAL,BAL,DST,1,"6","2","3","2","2","3","4","3","4","4","4","1","7"
BEN ROETHLISBERGER,PIT,QB,1,"16","12","13","15","12","14","17","14","15","15","18","9","23"
BENNY SNELL,PIT,RB,1,"55","60","53","60","71",,,,,,,"46","88"
BILAL POWELL,FA,RB,1,,,,,"102",,,,,,,"86","114"
BLAKE JARWIN,DAL,TE,1,"9","17","10","15","20","20","19","22","21","22","20","7","36"
BO SCARBROUGH,DET,RB,1,,,,,"81",,,,,,,"75","108"
BOSTON SCOTT,PHI,RB,1,"66","50","38","51","46","45","38","47","52","53","45","35","100"
BRANDIN COOKS,HOU,WR,1,"41","43","50","44","38","35","37","30","41","41","37","21","66"
BRANDON AIYUK,SF,WR,1,"56","61","45","71","67","51","58","50","63","62","57","28","98"
BRANDON MCMANUS,DEN,K,1,"21","8","13","14","13",,"20",,"17","18","16","8","28"
BRESHAD PERRIMAN,NYJ,WR,1,"64","49","41","55","52","45","43","43","56","55","44","36","72"
BRETT MAHER,NYJ,K,1,"19",,,,"23",,,,,,,"6","33"
BRIAN HILL,ATL,RB,1,"80","79","87",,"52",,,,,,,"52","103"
BRYAN EDWARDS,LV,WR,1,"75","98","58","60",,,,,,,,"44","120"
BRYCE LOVE,WAS,RB,1,"57","62","82","68","53","56",,"65",,,"60","30","91"
BUDDY HOWELL,HOU,RB,1,,,,,,,,,,,,"98","133"
BUF,BUF,DST,1,"3","4","11","4","4","2","2","4","3","2","1","3","11"
CALVIN RIDLEY,ATL,WR,1,"23","21","14","18","18","20","22","20","18","17","18","7","37"
CAM AKERS,LAR,RB,1,"27","27","19","29","32","28","26","28","28","28","31","16","61"
CAM NEWTON,NE,QB,1,"15","22","29","12","16","13","16","12","18","16","10","6","35"
CAMERON BRATE,TB,TE,1,,"33",,,"34",,,,,,,,
CAR,CAR,DST,1,,,,,"26",,,,,,,"9","32"
CARLOS HYDE,SEA,RB,1,"54","72","55","56","62",,,,,,,"32","96"
CARSON WENTZ,PHI,QB,1,"7","9","16","10","14","11","10","11","10","9","8","5","16"
CEEDEE LAMB,DAL,WR,1,"42","56","28","57","57","56","57","54","52","58","51","27","104"
CHASE CLAYPOOL,PIT,WR,1,"92","94","72","89","116",,,,,,,"50","117"
CHASE EDMONDS,ARI,RB,1,"51","40","36","54","61","46","66","46","53","60","59","33","71"
CHASE MCLAUGHLIN,IND,K,1,,,,,"30","13","19","19","19","14","18","7","33"
CHI,CHI,DST,1,"2","5","12","5","7","4","7","6","7","8","7","2","31"
CHRIS BOSWELL,PIT,K,1,"23","14","11","17","19","9","9","8","9","7","10","1","23"
CHRIS CARSON,SEA,RB,1,"19","17","17","16","15","15","14","18","15","15","17","8","27"
CHRIS CONLEY,JAC,WR,1,,"80","83",,"81",,,,,,,"66","109"
CHRIS GODWIN,TB,WR,1,"6","6","21","6","7","6","6","6","6","6","7","1","20"
CHRIS HERNDON,NYJ,TE,1,"15","12","11","18","24","18","18","19","18","16","18","8","33"
CHRIS THOMPSON,JAC,RB,1,"58","69","57","64","57","69","64","49","67",,,"48","108"
CHRISTIAN KIRK,ARI,WR,1,"48","41","49","41","44","41","38","37","39","40","45","28","68"
CHRISTIAN MCCAFFREY,CAR,RB,1,"1","1","1","1","1","1","1","1","1","1","1","1","6"
CIN,CIN,DST,1,,,"16",,,,,,,,,"16","32"
CJ ANDERSON,FA,RB,1,,,,,,,,,,,,"91","119"
CJ UZOMAH,CIN,TE,1,"32","30","25","26",,,,,,,,,
CLE,CLE,DST,1,"15","18","17","19","18",,,,,,,"3","28"
CLYDE EDWARDS-HELAIRE,KC,RB,1,"6","7","4","6","6","6","6","7","7","7","8","3","25"
COLE BEASLEY,BUF,WR,1,"66","76","90","79","76",,,,,,,"56","97"
COLE KMET,CHI,TE,1,"40",,,,"42",,,,,,,,
COOPER KUPP,LAR,WR,1,"10","16","17","17","21","17","20","17","19","20","16","2","35"
COREY CLEMENT,PHI,RB,1,,,,,"104",,,,,,,"60","152"
COREY DAVIS,TEN,WR,1,"76","85","79","77","69",,,,,,,"50","90"
COURTLAND SUTTON,DEN,WR,1,"17","26","18","24","20","25","13","15","15","14","21","10","35"
CURTIS SAMUEL,CAR,WR,1,"60","44","53","49","43","57","46","55","53","51","54","34","77"
D'ANDRE SWIFT,DET,RB,1,"20","28","21","25","27","30","19","27","26","23","25","18","58"
DAESEAN HAMILTON,DEN,WR,1,"89","90",,,"88",,,,,,,"15","159"
DAK PRESCOTT,DAL,QB,1,"3","4","3","3","3","3","3","4","4","5","3","1","9"
DAL,DAL,DST,1,,"12","8","18","19","17","17","15","14","13","14","5","31"
DALLAS GOEDERT,PHI,TE,1,"14","18","13","19","17","14","12","13","17","19","11","8","30"
DALVIN COOK,MIN,RB,1,"7","6","8","7","8","5","4","5","5","5","5","2","12"
DAMIEN HARRIS,NE,RB,1,"38","51","31","49","40","52",,"53","58","56","63","27","79"
DAN ARNOLD,ARI,TE,1,"38",,"32",,,,,,,,,,
DAN BAILEY,MIN,K,1,"17","12","7","15","14","15","16","13","15","16","19","7","22"
DANIEL CARLSON,LV,K,1,"20",,,,"27",,,,,,,"7","32"
DANIEL JONES,NYG,QB,1,"18","16","10","18","20","12","13","13","14","14","11","8","26"
DANNY AMENDOLA,DET,WR,1,"80","87","91","87","84",,,,,,,"61","125"
DANTE PETTIS,SF,WR,1,"85",,,,"110",,,,,,,"67","145"
DARE OGUNBOWALE,TB,RB,1,"77","70","70",,"91",,,,,,,"53","113"
DARIUS SLAYTON,NYG,WR,1,"38","36","47","42","46","48","39","52","46","46","38","24","71"
DARREL WILLIAMS,KC,RB,1,,"80","39",,"80",,,,,,,"39","106"
DARRELL HENDERSON,LAR,RB,1,"42","52","48","39","36","29","35","34","37","33","35","29","66"
DARREN FELLS,HOU,TE,1,,"37",,,"39",,,,,,,,
DARREN WALLER,LV,TE,1,"11","5","17","10","5","5","5","6","5","5","5","2","17"
DARRYNTON EVANS,TEN,RB,1,"72","56","65","72","69","65","68",,"54","55","69","41","105"
DARWIN THOMPSON,KC,RB,1,,,"84",,"74",,,,,,,"55","102"
DAVANTE ADAMS,GB,WR,1,"3","2","1","2","1","2","5","2","3","2","5","1","6"
DAVID JOHNSON,HOU,RB,1,"24","22","26","26","19","16","27","13","19","18","16","13","33"
DAVID MONTGOMERY,CHI,RB,1,"40","48","30","22","21","40","29","29","25","26","28","11","49"
DAVID MOORE,SEA,WR,1,,,,,"91",,,,,,,"12","144"
DAVID NJOKU,CLE,TE,1,"36","31",,"34","29",,,,,,,,
DAWSON KNOX,BUF,TE,1,"31","26","30","30","25","27","30","23","26","27","26","16","38"
DEANDRE HOPKINS,ARI,WR,1,"4","5","11","5","6","5","2","4","2","3","2","2","20"
DEANDRE WASHINGTON,KC,RB,1,"64","47","60","58","51","60","70","67","63","57","55","35","107"
DEDE WESTBROOK,JAC,WR,1,"67","68","89","66","71","70","65","58","68",,"55","46","105"
DEEBO SAMUEL,SF,WR,1,"49","57","55","48","45","42","48","39","38","31","30","26","71"
DEEJAY DALLAS,SEA,RB,1,,"89","80",,,,,,,,,"54","144"
DELANIE WALKER,FA,TE,1,,,,,"37",,,,,,,,
DEMARCUS ROBINSON,KC,WR,1,"95",,,,"92",,,,,,,"6","119"
DEMARYIUS THOMAS,FA,WR,1,,,,,"103",,,,,,,,
DEN,DEN,DST,1,"11","14","6","12","13","13","8","13","10","7","9","5","25"
DENZEL MIMS,NYJ,WR,1,"87","91",,"76","62",,,,,,,"42","111"
DEREK CARR,LV,QB,1,"28","30","27","21","19","28","30","30","26","25","28","15","33"
DERRICK HENRY,TEN,RB,1,"5","5","5","5","5","7","9","6","6","6","6","2","11"
DERRIUS GUICE,FA,RB,1,,,,,,,,,,,,"25","115"
DESEAN JACKSON,PHI,WR,1,"45","67","38","68","73","66",,"60","59","57","66","17","108"
DESHAUN WATSON,HOU,QB,1,"6","7","7","6","7","6","5","5","3","3","5","2","13"
DET,DET,DST,1,,,"20",,"27",,,,,,,"9","32"
DEVANTE PARKER,MIA,WR,1,"29","25","25","25","27","30","29","28","25","27","29","11","49"
DEVIN DUVERNAY,BAL,WR,1,,,,,,,,,,,,"14","125"
DEVIN SINGLETARY,BUF,RB,1,"28","26","51","31","26","25","20","24","23","22","22","13","51"
DEVINE OZIGBO,JAC,RB,1,,,"66",,,,,,,,,"70","125"
DEVONTA FREEMAN,FA,RB,1,"60","59",,"57","67",,,,,,,"37","116"
DEVONTAE BOOKER,LV,RB,1,,,,,"108",,,,,,,"63","135"
DEXTER WILLIAMS,GB,RB,1,,,,,"101",,,,,,,"77","128"
DION LEWIS,NYG,RB,1,,,"86",,"75",,,,,,,"60","96"
DIONTAE JOHNSON,PIT,WR,1,"37","35","29","33","33","38","33","41","40","39","46","27","69"
DJ CHARK,JAC,WR,1,"8","22","15","20","24","24","19","29","24","26","27","7","32"
DJ MOORE,CAR,WR,1,"16","12","8","14","14","13","9","11","9","9","8","3","31"
DK METCALF,SEA,WR,1,"25","20","13","23","22","26","23","33","27","25","19","8","39"
DONTRELL HILLIARD,CLE,RB,1,,,,,"103",,,,,,,"74","118"
DREW BREES,NO,QB,1,"11","10","8","9","8","9","9","9","9","11","13","4","19"
DREW LOCK,DEN,QB,1,"25","25","26","25","31","22","23","23","23","23","20","11","31"
DUKE JOHNSON,HOU,RB,1,"44","46","42","47","45","49","44","43","39","42","50","31","63"
DUSTIN HOPKINS,WAS,K,1,,,,,"29",,,,,,,"6","33"
DWAYNE HASKINS,WAS,QB,1,"31","32","28","31","32",,,,,,,"23","36"
DWAYNE WASHINGTON,NO,RB,1,,,,,,,,,,,,"95","136"
EDDY PINEIRO,CHI,K,1,,,,"20","32",,,,,,,"15","32"
EMMANUEL SANDERS,NO,WR,1,"43","42","46","43","48","43","36","40","44","47","40","35","75"
ENO BENJAMIN,ARI,RB,1,,,"83",,,,,,,,,"58","113"
ERIC EBRON,PIT,TE,1,"20","25","18","21","22","23","21","16","19","18","19","7","29"
EVAN ENGRAM,NYG,TE,1,"8","11","15","11","7","6","9","5","6","6","6","4","18"
EZEKIEL ELLIOTT,DAL,RB,1,"3","3","3","4","4","3","3","3","3","3","2","1","10"
FRANK GORE,NYJ,RB,1,,,,,"99",,,,,,,"52","105"
GARDNER MINSHEW,JAC,QB,1,"24","21","19","27","30","20","18","20","24","24","24","8","35"
GB,GB,DST,1,"19","17",,"17","15",,,,,,,"2","24"
GEORGE KITTLE,SF,TE,1,"2","2","1","1","1","2","2","2","2","2","2","1","3"
GERALD EVERETT,LAR,TE,1,"30","29","27","31","27",,,,,,,,
GIOVANI BERNARD,CIN,RB,1,"50","68","73","65","72","64","59","58","56","65","64","53","88"
GOLDEN TATE,NYG,WR,1,"52","52","48","51","53","44","53","47","42","42","52","30","69"
GREG JOSEPH,TEN,K,1,,,,,"33",,,,,,,"9","30"
GREG OLSEN,SEA,TE,1,"25","23","23","22","18","25","26",,"29","29","28","12","36"
GREG WARD,PHI,WR,1,,,,,"106",,,,,,,"18","157"
GREG ZUERLEIN,DAL,K,1,"2","4","3","4","4","4","6","7","4","5","5","2","10"
GUS EDWARDS,BAL,RB,1,"63","61","74","63","60",,,,,,,"51","107"
HARRISON BUTKER,KC,K,1,"1","2","2","2","2","3","2","2","2","2","2","1","3"
HAYDEN HURST,ATL,TE,1,"6","16","6","8","15","9","15","14","10","13","10","5","32"
HENRY RUGGSI,LV,WR,1,"40","53","70","59","68","55","56","63","48","43","61","30","107"
HOU,HOU,DST,1,"17",,,"20","23","19","18","17",,,"18","5","32"
HUNTER HENRY,LAC,TE,1,"12","8","16","6","6","12","8","7","8","9","16","4","21"
HUNTER RENFROW,LV,WR,1,"77","51","66","64","75","68","41","65",,,"65","34","112"
IAN THOMAS,CAR,TE,1,"21","22","21","23","26","21","28","26","24","25","25","13","53"
IND,IND,DST,1,,"15","7",,"20","6","5","7","9","6","6","3","24"
IRV SMITH,MIN,TE,1,"35","24","24","28","30","22","22","24","22","21","22","14","35"
ISAIAH FORD,MIA,WR,1,"90",,,,,,,,,,,,
ITO SMITH,ATL,RB,1,"79","77","69","76","78","59","52","59","66","66","57","46","94"
JAC,JAC,DST,1,,,,,"24",,,,,,,"5","32"
JACE STERNBERGER,GB,TE,1,"24","21","36","24","21","24","24","29","23","23","24",,
JACK DOYLE,IND,TE,1,"18","19","22","20","23","13","13","15","16","17","15","6","28"
JACOB HOLLISTER,SEA,TE,1,,,,,"35",,,,,,,,
JACOBY BRISSETT,IND,QB,1,,,,,"39",,,,,,,,
JAKE ELLIOTT,PHI,K,1,"18","7","10","11","12","10","12","9","10","11","11","3","21"
JAKOBI MEYERS,NE,WR,1,,"96",,,"100",,,,,,,"9","119"
JALEN HURTS,PHI,QB,1,"39",,"37","38",,,,,,,,,
JALEN REAGOR,PHI,WR,1,"50","50","44","46","51","54","55","57","58","56","67","26","106"
JALEN RICHARD,LV,RB,1,"76","65","81","74","79","70","67","56","60",,"61","52","90"
JAMAAL WILLIAMS,GB,RB,1,"67","55","62","62","65","58","53","44","55","70","52","36","88"
JAMEIS WINSTON,NO,QB,1,"37","35","36","37","38",,,,,,,,
JAMES CONNER,PIT,RB,1,"16","15","12","15","16","21","25","19","21","21","21","7","33"
JAMES WASHINGTON,PIT,WR,1,"73","64","69","73","49",,"67","67",,"68","56","36","99"
JAMES WHITE,NE,RB,1,"32","31","43","32","34","35","31","30","32","34","30","25","56"
JAMISON CROWDER,NYJ,WR,1,"35","34","40","37","37","39","44","48","34","36","43","29","68"
JAMYCAL HASTY,SF,RB,1,,,,,,,,,,,,"62","117"
JARED COOK,NO,TE,1,"10","7","7","7","10","15","11","18","9","10","14","6","26"
JARED GOFF,LAR,QB,1,"14","15","12","16","21","17","19","21","19","18","19","9","27"
JARRETT STIDHAM,NE,QB,1,,"38","38","39","33",,,,,,,,
JARVIS LANDRY,CLE,WR,1,"36","28","32","32","32","34","25","31","26","24","26","17","46"
JASON MYERS,SEA,K,1,"13","15","9","16","16","19","14",,"16","15","14","8","22"
JASON SANDERS,MIA,K,1,,,,,,,,,,,,"10","32"
JASON WITTEN,LV,TE,1,"34",,,,"40",,,,,,,,
JAYLEN SAMUELS,PIT,RB,1,,"86",,,"76",,"60","52","65",,"66","53","102"
JD MCKISSIC,WAS,RB,1,,,,,,,,,,,,"73","129"
JEFF WILSON,SF,RB,1,,"91",,,"100",,,,,,,"70","117"
JERICK MCKINNON,SF,RB,1,"65","76","45",,"98","68",,"60","62","54",,"42","104"
JERRY JEUDY,DEN,WR,1,"44","55","67","52","47","58","51","53","50","50","42","37","108"
JIMMY GAROPPOLO,SF,QB,1,"21","24","14","23","24","27","25","25","20","20","22","12","30"
JIMMY GRAHAM,CHI,TE,1,"29","36",,"29","28",,"29","27","25","24","27",,
JJ ARCEGA-WHITESIDE,PHI,WR,1,"96","84",,"90","90",,,,,,,"8","148"
JK DOBBINS,BAL,RB,1,"36","37","22","36","31","36","32","36","35","37","40","21","60"
JOE BURROW,CIN,QB,1,"13","18","11","20","28","21","12","16","22","22","16","11","34"
JOE MIXON,CIN,RB,1,"14","8","7","8","7","8","11","9","9","13","10","3","17"
JOEY SLYE,CAR,K,1,"15","19","18","13","20","16","17","18",,"17","15","12","29"
JOHN BROWN,BUF,WR,1,"47","33","54","36","40","46","35","45","47","48","41","23","63"
JOHN ROSS,CIN,WR,1,"78","89","61","84","63",,,,,,,"1","95"
JONATHAN TAYLOR,IND,RB,1,"25","19","11","19","17","23","18","23","22","24","27","9","59"
JONNU SMITH,TEN,TE,1,"22","14","12","13","12","17","20","21","20","20","21","7","35"
JORDAN AKINS,HOU,TE,1,,"39","29",,"38",,,,,,,,
JORDAN HOWARD,MIA,RB,1,"33","29","33","28","35","27","36","31","33","35","34","22","54"
JORDAN WILKINS,IND,RB,1,,,,,"85",,,,,,,"63","116"
JOSH ALLEN,BUF,QB,1,"10","6","17","8","5","8","11","7","8","10","7","5","17"
JOSH GORDON,FA,WR,1,,,,,"96",,,,,,,,
JOSH JACOBS,LV,RB,1,"8","12","16","9","13","9","12","14","13","14","14","3","20"
JOSH LAMBO,JAC,K,1,"22","21",,,"17",,,,,,,"2","33"
JOSH REYNOLDS,LAR,WR,1,"93","86",,"86","104",,,,,,,"3","119"
JOSHUA KELLEY,LAC,RB,1,"59","75","46","73","63","66","55",,"59","52","56","29","104"
JUJU SMITH-SCHUSTER,PIT,WR,1,"15","13","22","11","16","15","15","18","11","12","14","3","28"
JULIAN EDELMAN,NE,WR,1,"33","38","42","31","34","28","26","22","32","37","31","18","51"
JULIO JONES,ATL,WR,1,"5","4","3","4","3","4","3","3","4","4","4","1","10"
JUSTICE HILL,BAL,RB,1,,"71",,"69","88",,,,,,,"48","115"
JUSTIN HERBERT,LAC,QB,1,"34","39","34","35","37",,,,,,,,
JUSTIN JACKSON,LAC,RB,1,"53","54","77","53","48","50","48","61","51","51","51","33","78"
JUSTIN JEFFERSON,MIN,WR,1,"39","54","68","47","55","49","50","46","54","54","50","32","110"
JUSTIN ROHRWASSER,NE,K,1,,,,,"15",,,,,,,"7","32"
JUSTIN TUCKER,BAL,K,1,"3","1","1","1","1","1","1","1","1","1","1","1","4"
JUSTIN WATSON,TB,WR,1,"101",,,,"109",,,,,,,,
KA'IMI FAIRBAIRN,HOU,K,1,"9","18","14","10","10","14","7","12","11","10","12","7","22"
KAI FORBATH,FA,K,1,,,,,"26",,,,,,,,
KALEN BALLAGE,NYJ,RB,1,,,,,"95",,,,,,,"49","130"
KAREEM HUNT,CLE,RB,1,"26","32","25","27","25","20","21","26","24","25","26","19","53"
KC,KC,DST,1,"5","8","19","8","6","8","13","10","12","16","15","1","21"
KE'SHAWN VAUGHN,TB,RB,1,"73","38","72","52","54","44","33","54","50","50","39","28","94"
KEELAN COLE,JAC,WR,1,,,,,"102",,,,,,,"86","150"
KEENAN ALLEN,LAC,WR,1,"20","23","31","16","19","21","17","19","21","21","20","10","34"
KEESEAN JOHNSON,ARI,WR,1,,,,,"113",,,,,,,,
KEKE COUTEE,HOU,WR,1,,,,,"99",,,,,,,"16","168"
KENDRICK BOURNE,SF,WR,1,"81","74","59","83","108",,,,,,,"13","136"
KENNY GOLLADAY,DET,WR,1,"14","9","10","8","11","9","7","10","8","8","6","4","13"
KENNY STILLS,HOU,WR,1,"79","70","80","82","65",,,,,,,"50","104"
KENYAN DRAKE,ARI,RB,1,"12","14","9","12","12","13","16","12","8","9","12","4","28"
KERRITH WHYTE,PIT,RB,1,,,,,"107",,,,,,,"91","158"
KERRYON JOHNSON,DET,RB,1,"48","44","52","44","44","32","39","33","34","32","32","16","53"
KIRK COUSINS,MIN,QB,1,"23","20","22","19","18","26","20","28","21","21","23","16","29"
KJ HAMLER,DEN,WR,1,"98",,"92",,"114",,,,,,,"66","120"
KYLE JUSZCZYK,SF,RB,1,,,,,"105",,,,,,,"78","129"
KYLE RUDOLPH,MIN,TE,1,"23","27","35","27","32","29","23","20","27","28","23",,
KYLER MURRAY,ARI,QB,1,"5","5","5","5","4","4","4","3","5","4","4","2","14"
LAC,LAC,DST,1,"8","19","10","11","12","9","11","11","17","12","11","2","28"
LAMAR JACKSON,BAL,QB,1,"2","2","2","2","2","1","2","1","1","1","1","1","6"
LAMAR MILLER,NE,RB,1,"69",,,"75","82",,,,,,,"38","103"
LAMICAL PERINE,NYJ,RB,1,,,"79",,,,,,,,,"60","113"
LAR,LAR,DST,1,"12","11",,"10","5","16","12","14","16","18","16","1","21"
LARRY FITZGERALD,ARI,WR,1,"68","63","82","65","74","69","64","64","62","64","68","54","93"
LATAVIUS MURRAY,NO,RB,1,"45","43","32","43","43","42","37","39","40","41","43","28","60"
LAVISKA SHENAULT,JAC,WR,1,"58","79","64","72","61",,,,,,,"41","117"
LE'VEON BELL,NYJ,RB,1,"23","21","29","21","23","17","17","16","18","19","18","15","32"
LEONARD FOURNETTE,JAC,RB,1,"21","25","28","23","22","24","23","17","16","16","15","10","30"
LESEAN MCCOY,TB,RB,1,"70",,,,"58",,,,,,,"42","108"
LOGAN THOMAS,WAS,TE,1,"27",,"33",,,,,,,,,,
LV,LV,DST,1,,,,,"28",,,,,,,"11","32"
LYNN BOWDEN,LV,RB,1,"75","83","76",,,,,,,,,"52","107"
MALCOLM BROWN,LAR,RB,1,"61","66","64","61","64","62","56",,,"67","62","46","92"
MARCUS MARIOTA,LV,QB,1,"38","34","40","40","40",,,,,,,,
MARK ANDREWS,BAL,TE,1,"3","3","3","3","4","3","3","4","4","4","4","1","6"
MARK INGRAM,BAL,RB,1,"13","18","23","20","30","22","22","25","27","31","23","12","43"
MARLON MACK,IND,RB,1,"46","41","56","40","42","39","40","38","44","48","33","20","58"
MARQUEZ VALDES-SCANTLING,GB,WR,1,"104","95","77",,"93",,,,,,,"4","139"
MARQUISE BROWN,BAL,WR,1,"28","30","16","27","29","27","34","23","33","34","33","10","48"
MARVIN JONES,DET,WR,1,"31","39","34","35","41","33","32","38","35","35","36","24","45"
MASON CROSBY,GB,K,1,"11","13","16","12","11","17","15",,"12","13",,"11","23"
MATT BREIDA,MIA,RB,1,"30","35","35","33","39","41","42","40","38","39","42","30","54"
MATT GAY,TB,K,1,"12","10","20","7","8","7","4","6","7","8","6","4","20"
MATT PRATER,DET,K,1,"6","5","6","6","5","6","5","4","5","4","4","4","26"
MATT RYAN,ATL,QB,1,"8","8","9","7","9","10","8","8","7","7","9","5","23"
MATTHEW STAFFORD,DET,QB,1,"9","11","6","13","13","15","15","15","13","12","14","6","19"
MECOLE HARDMAN,KC,WR,1,"55","45","51","58","50","52","61","59","43","49","58","27","72"
MELVIN GORDON,DEN,RB,1,"17","16","18","18","18","18","15","22","20","20","19","9","28"
MIA,MIA,DST,1,,,,,,,,,,,,"11","32"
MICHAEL BADGLEY,LAC,K,1,"8","11","19","8","7",,,,,,,"8","29"
MICHAEL GALLUP,DAL,WR,1,"24","31","24","28","26","22","31","34","31","32","28","10","47"
MICHAEL PITTMAN,IND,WR,1,"70","69","71","54","56","67",,"66","65","63","70","28","114"
MICHAEL THOMAS,NO,WR,1,"1","1","2","1","2","1","1","1","1","1","1","1","6"
MIKE BOONE,MIN,RB,1,,"87","61",,"83",,,,,,,"59","104"
MIKE DAVIS,CAR,RB,1,,,"59",,"87",,,,,,,"60","149"
MIKE EVANS,TB,WR,1,"11","7","26","12","9","7","8","7","7","7","10","4","23"
MIKE GESICKI,MIA,TE,1,"19","9","8","9","9","11","16","11","14","14","9","5","32"
MIKE WILLIAMS,LAC,WR,1,"53","40","52","40","39","59","45","49","51","53","49","18","70"
MILES BOYKIN,BAL,WR,1,"88","83","65","81","83",,,,,,,"58","109"
MILES SANDERS,PHI,RB,1,"9","11","10","10","14","14","13","15","10","8","11","5","19"
MIN,MIN,DST,1,"10","7","9","7","8","12","10","8","8","10","8","7","22"
MITCH TRUBISKY,CHI,QB,1,"35","33","42","33","34",,,,,,,"27","42"
MOHAMED SANU,NE,WR,1,"71","82","78","69","59",,,,,,,"49","108"
MYLES GASKIN,MIA,RB,1,,,,,"90",,,,,,,"82","145"
N'KEAL HARRY,NE,WR,1,"65","60","74","50","66","61","54","62","55","52","60","28","73"
NE,NE,DST,1,"9","13","4","9","11","10","6","5","6","5","5","2","19"
NELSON AGHOLOR,LV,WR,1,"99","92",,"91","86",,,,,,,"10","159"
NICK BOYLE,BAL,TE,1,"42",,,,,,,,,,,,
NICK CHUBB,CLE,RB,1,"11","9","13","11","10","12","8","11","12","10","9","4","19"
NICK FOLES,CHI,QB,1,"32","31","30","32","27",,,,,,,"27","37"
NICK FOLK,NE,K,1,,,"17",,,,,,,,,,
NICK MULLENS,SF,QB,1,,,"41",,,,,,,,,,
NO,NO,DST,1,"7","6","5","6","10","7","9","9","5","9","10","1","16"
NOAH FANT,DEN,TE,1,"17","15","14","17","13","10","10","12","11","11","17","7","24"
NYG,NYG,DST,1,,,,,,,,,,,,"18","32"
NYHEIM HINES,IND,RB,1,"52","53","41","50","47","57","47","55","45","47","54","39","68"
NYJ,NYJ,DST,1,"13","21",,"13","14","15","15",,"20","19","12","1","32"
ODELL BECKHAM,CLE,WR,1,"9","15","19","9","8","11","16","9","14","15","13","5","29"
OJ HOWARD,TB,TE,1,"28","28","28","25","16","28","25","28",,,"29","6","43"
OLABISI JOHNSON,MIN,WR,1,"91",,,,,,,,,,,,
PARRIS CAMPBELL,IND,WR,1,"54","62","56","62","77","50","70",,"61","59",,"44","88"
PATRICK LAIRD,MIA,RB,1,,"88",,,"84",,,,,,,"66","116"
PATRICK MAHOMES,KC,QB,1,"1","1","1","1","1","2","1","2","2","2","2","1","3"
PAUL RICHARDSON,FA,WR,1,,,,,"111",,,,,,,,
PEYTON BARBER,WAS,RB,1,,"81",,"66","68",,,,,,,"48","108"
PHI,PHI,DST,1,"16","10","14","14","9",,"16","19","15",,,"5","30"
PHILIP RIVERS,IND,QB,1,"22","27","21","24","26","25","24","27","25","26","26","15","32"
PHILLIP DORSETT,SEA,WR,1,"105",,,,"97",,,,,,,"70","119"
PHILLIP LINDSAY,DEN,RB,1,"35","34","58","35","38","38","46","37","36","36","38","24","57"
PIT,PIT,DST,1,"4","3","2","3","3","5","1","2","2","1","3","1","9"
PRESTON WILLIAMS,MIA,WR,1,"61","58","43","56","58","40","52","44","45","44","47","29","67"
QADREE OLLISON,ATL,RB,1,,"84",,,"94",,,,,,,"64","126"
RAHEEM MOSTERT,SF,RB,1,"22","24","20","24","28","26","28","20","30","30","24","14","51"
RANDALL COBB,HOU,WR,1,"72","66","73","74","79",,,,,,,"45","87"
RANDY BULLOCK,CIN,K,1,,,"12",,"31",,,,,,,"9","31"
RASHAAD PENNY,SEA,RB,1,"78","58","85","67","70",,"57","64","68","69","58","43","108"
RAYMOND CALAIS,TB,RB,1,,,,,,,,,,,,"68","132"
REGGIE BONNAFON,CAR,RB,1,,"82",,,"93",,,,,,,"66","108"
REX BURKHEAD,NE,RB,1,"62","78",,,"73",,,,,,,"48","102"
ROB GRONKOWSKI,TB,TE,1,"7","13","20","12","11","7","17","9","15","8","8","4","29"
ROBBIE GOULD,SF,K,1,"7","6","5","5","6","5","8","5","6","6","9","3","26"
ROBBY ANDERSON,CAR,WR,1,"63","48","75","61","54","60","60","42","49","45","48","36","75"
ROBERT WOODS,LAR,WR,1,"19","18","27","22","25","12","18","13","16","18","17","6","32"
RODNEY ANDERSON,FA,RB,1,,,,,,,,,,,,"70","126"
RONALD JONES,TB,RB,1,"29","23","24","30","24","31","34","35","31","27","29","15","56"
ROYCE FREEMAN,DEN,RB,1,"71","67",,"59","66",,,,,,,"44","114"
RUSSELL GAGE,ATL,WR,1,"83","75","81","78","105",,,,,,,"61","117"
RUSSELL WILSON,SEA,QB,1,"4","3","4","4","6","5","6","6","6","6","6","2","9"
RYAN FITZPATRICK,MIA,QB,1,"30","29","31","30","22","30",,"24",,,,"21","36"
RYAN GRIFFIN,NYJ,TE,1,"41",,,,,,,,,,,,
RYAN NALL,CHI,RB,1,,"63",,,,,,,,,,"63","119"
RYAN TANNEHILL,TEN,QB,1,"20","23","15","22","17","19","22","18","17","17","21","9","25"
RYQUELL ARMSTEAD,JAC,RB,1,"74","73","67","71","77","63","54","62",,"59","68","48","89"
SAM DARNOLD,NYJ,QB,1,"27","19","18","28","25","23","26","29","28","27","27","18","33"
SAMMY WATKINS,KC,WR,1,"59","71","63","63","60",,"69","61","60","61","63","47","80"
SAQUON BARKLEY,NYG,RB,1,"2","2","2","2","2","2","2","2","2","2","3","1","5"
SCOTT MILLER,TB,WR,1,,,"85",,,,,,,,,,
SEA,SEA,DST,1,"14","20","15","15","16","20","20","18","13","14","19","8","26"
SF,SF,DST,1,"1","1","1","1","1","1","3","1","1","3","2","1","5"
SONY MICHEL,NE,RB,1,"41","64","63","46","55","51","50","57","43","49","44","21","65"
STEFON DIGGS,BUF,WR,1,"34","29","37","30","23","32","30","27","29","30","24","13","37"
STEPHEN GOSTKOWSKI,FA,K,1,,,,,"18",,,,,,,,
STEPHEN HAUSCHKA,FA,K,1,"16","17",,"18","21",,,,,,,"3","26"
STEPHEN HAUSCHKA,BUF,K,1,,,,,,,,"15","20",,"17",,
STERLING SHEPARD,NYG,WR,1,"46","46","39","38","36","37","47","35","37","38","32","34","76"
STEVEN SIMS,WAS,WR,1,"82","81","57",,"101",,,,,,,"2","125"
TARIK COHEN,CHI,RB,1,"39","30","44","38","41","37","30","32","29","29","37","33","57"
TAYLOR GABRIEL,FA,WR,1,,,,,"85",,,,,,,,
TAYSOM HILL,NO,QB,1,"36",,"39","36",,,,,,,,,
TB,TB,DST,1,,"16","13",,"21","11","14","12","11","11","13","4","30"
TED GINN,CHI,WR,1,"102",,,,"107",,,,,,,"17","130"
TEDDY BRIDGEWATER,CAR,QB,1,"26","26","20","26","23","24","28","22","27","28","25","15","31"
TEE HIGGINS,CIN,WR,1,"69","78","86","75","78",,"59","70",,"67",,"59","116"
TEN,TEN,DST,1,"18","9","18","16","17","18","19","16",,,"17","8","31"
TERRY MCLAURIN,WAS,WR,1,"13","19","9","19","13","18","28","24","23","23","22","5","29"
TEVIN COLEMAN,SF,RB,1,"37","36","49","37","33","33","41","42","42","40","41","26","59"
TJ HOCKENSON,DET,TE,1,"16","20","9","16","19","19","14","17","13","12","13","8","22"
TJ YELDON,BUF,RB,1,,,,,"86",,,,,,,"71","117"
TODD GURLEY,ATL,RB,1,"18","20","27","17","20","19","24","21","17","17","20","7","28"
TOM BRADY,TB,QB,1,"12","13","25","11","11","7","7","10","11","8","12","5","25"
TONY POLLARD,DAL,RB,1,"49","49","37","48","49","48","58","48","48","44","48","37","69"
TRAVIS HOMER,SEA,RB,1,,,,,"92",,,,,,,"85","169"
TRAVIS KELCE,KC,TE,1,"1","1","2","2","2","1","1","1","1","1","1","1","4"
TRAYVEON WILLIAMS,CIN,RB,1,,,"68",,"106",,,,,,,"59","172"
TRE'QUAN SMITH,NO,WR,1,"94","88","84","85","82",,,,,,,"63","117"
TRENT TAYLOR,SF,WR,1,"84",,"62",,,,,,,,,,
TREY BURTON,IND,TE,1,"37","38","31",,"36",,,,,,,,
TUA TAGOVAILOA,MIA,QB,1,"33","37","33","34","35",,,,,,,"26","37"
TY HILTON,IND,WR,1,"27","27","20","26","28","23","21","21","22","22","25","14","46"
TY JOHNSON,DET,RB,1,,,,,"96",,,,,,,"72","126"
TY MONTGOMERY,NO,RB,1,,"85","78",,"97",,,,,,,"73","115"
TYLER BOYD,CIN,WR,1,"32","24","30","29","35","29","27","32","28","28","34","18","55"
TYLER EIFERT,JAC,TE,1,"33","35","26","32","43","30",,,"28","26",,,
TYLER HIGBEE,LAR,TE,1,"5","6","5","5","8","8","6","8","7","7","7","3","22"
TYLER LOCKETT,SEA,WR,1,"22","17","12","21","12","19","24","26","20","19","23","10","29"
TYREEK HILL,KC,WR,1,"2","3","4","3","4","3","4","5","5","5","3","1","10"
TYRELL WILLIAMS,LV,WR,1,"62","72",,"70","70",,,,,,,"47","114"
TYROD TAYLOR,LAC,QB,1,"29","28","32","29","29","29","27","26",,,,"15","40"
VAN JEFFERSON,LAR,WR,1,"97",,"87",,"115",,,,,,,"54","117"
VANCE MCDONALD,PIT,TE,1,"39","34",,"35","33",,,,,,,,
WAS,WAS,DST,1,"20",,,,"22",,,,,,,"1","32"
WAYNE GALLMAN,NYG,RB,1,,"90",,,"89",,,,,,,"78","123"
WIL LUTZ,NO,K,1,"4","3","4","3","3","2","3","3","3","3","3","1","6"
WILL DISSLY,SEA,TE,1,"26","32","34","33","31",,,,,,,,
WILL FULLER,HOU,WR,1,"30","32","33","34","30","36","40","36","36","33","39","21","66"
WILLIE SNEAD,BAL,WR,1,"86",,,,"98",,,,,,,"11","134"
YOUNGHOE KOO,ATL,K,1,"10","16","15","19","22","12","10","11","13",,"7","5","26"
ZACH ERTZ,PHI,TE,1,"4","4","4","4","3","4","4","3","3","3","3","1","7"
ZACH PASCAL,IND,WR,1,,"93",,,"89",,,,,,,"5","116"
ZACK MOSS,BUF,RB,1,"31","33","34","41","37","43","45","45","41","38","47","20","95"
ZANE GONZALEZ,ARI,K,1,"5","9","8","9","9","8","11","10","8","9","8","4","23"
ZAY JONES,LV,WR,1,,,,,"112",,,,,,,,
